"","Sample_ID","collembola_biomass","juv_oribatids_biomass","oribatids_biomass","prostigs_biomass","astigmata_biomass","zerconidae_biomass","mesostigs_biomass","total_mesofauna_biomass"
"1","ExRes 1",0.007114750325,1.02111720683437,1.78242950691855,0.256574702497984,0.026079207023201,0.00601144332673697,0.0283819810496278,3.12770879797546
"2","ExRes 1",0.0285297948355721,4.09462919755473,7.14745364465846,1.02885179210634,0.10457632269005,0.0241055886634328,0.113810331970149,12.5419566724787
"3","ExRes 10",0,0.396465415178274,0.322894461443243,0.165359995372921,0.0039727538954262,0,0.0158529984241164,0.904545624313981
"4","ExRes 10",0,1.71801679910586,1.39920933292072,0.716559979949324,0.0172152668801802,0,0.0686963265045045,3.91969770536059
"5","ExRes 11",0.0619944731021622,2.92967075215946,4.82727219857649,0.77388477834527,0.0516458006405405,0.0523807926632432,0.0824355918054054,8.77928438729257
"6","ExRes 11",0.0158630394521438,0.749639127454357,1.23519413103271,0.198020309811722,0.0132150388914246,0.0134031073896266,0.0210934778478562,2.24642823187984
"7","ExRes 12",0.018498350845,1.61884435229839,3.13129507972177,0.718409166994355,0,0,0,5.48704694985952
"8","ExRes 12",0.00426673270978423,0.373394158640253,0.722248121066778,0.165704495363281,0,0,0,1.2656135077801
"9","ExRes 13",0,0.225378031083458,0.610321286496669,0.07144145907878,0,0,0,0.907140776658907
"10","ExRes 13",0,0.901512124333832,2.44128514598668,0.28576583631512,0,0,0,3.62856310663563
"11","ExRes 14",0.046621859853252,0.285600995486789,0.710269371741768,0.0969977533833841,0,0.0196960297615854,0,1.15918601022678
"12","ExRes 14",0.231696515634343,1.41935040181313,3.52982354441364,0.482049441056818,0,0.0978832994212121,0,5.76080320233914
"13","ExRes 15",0.0213973461266791,1.64783857950373,4.05666287940075,0.474854673279851,0,0.180791914975746,0.227620663940299,6.60916605722705
"14","ExRes 15",0.00630163600214286,0.485297515721978,1.19470950734,0.139847310372527,0,0.0532442123225275,0.0670355361934066,1.94643571795258
"15","ExRes 16",0,0.979786272272024,2.40364174691024,0.151501252903571,0,0.0230724920064286,0,3.55800176409226
"16","ExRes 16",0,0.373421265294238,0.916088506081942,0.0577409493824864,0,0.00879350875018149,0,1.35604422950885
"17","ExRes 17",0,0.797318666973131,1.45151622387103,0.594677815135514,0,0.135847382841589,0,2.97936008882126
"18","ExRes 17",0,0.296226032521267,0.539278597063194,0.220939327151042,0,0.0504710762640625,0,1.10691503299957
"19","ExRes 18",0.0170162871274481,0.513754906463835,1.26738471475979,0.141610963396513,0.0113406209121662,0.0071887586370178,0.0339404699198813,1.99223672121665
"20","ExRes 18",0.0971947247788136,2.93449836403919,7.23912964193305,0.808862621434322,0.0647760889389831,0.0410612145877119,0.193863362084746,11.3793860177968
"21","ExRes 19",0.0802026400272727,4.66747920596241,10.5894706332409,1.44614832317045,0.280620888795105,0.30494412511993,0.319942331832168,17.6888081481483
"22","ExRes 19",0.0169659430826923,0.987351370492049,2.2400803262625,0.305915991439904,0.0593621110912722,0.0645074110830621,0.0676801086568047,3.74186326210828
"23","ExRes 2",0.585151914484694,9.01266814912245,14.6595732915954,3.57110096129847,0.058496774194898,0.494410542994898,0.311236418040816,28.6926380517316
"24","ExRes 2",0.0521317160177273,0.80294679874,1.30603471143305,0.3181526310975,0.00521153079190909,0.0440474847395455,0.0277283354254545,2.55625320824518
"25","ExRes 20",0.108490327928784,2.73978468488986,7.45078969780284,0.687897580751351,0.371849764611892,0.0523807926632432,0.164871183610811,11.5760640322588
"26","ExRes 20",0.035776667855303,0.903494058297014,2.45703403581734,0.226846795791444,0.122624253927273,0.0172735234272727,0.0543692851479501,3.81741862026359
"27","ExRes 21",0.00835931306406706,0.687654875014213,1.41501672698797,0.0695669018434767,0,0.0282520310282799,0.0333467590758018,2.24219660701381
"28","ExRes 21",0.023310929926626,1.91760668398272,3.94594095412094,0.193995506766768,0,0.0787841190463415,0.0929913688048781,6.25262956264827
"29","ExRes 22",0.00706217827826355,1.13717834796921,1.62580542562894,0.117544075528633,0.0141199110125616,0.0596702379476601,0,2.96138017636527
"30","ExRes 22",0.0251512664997807,4.04995095855702,5.79014914741535,0.418621883023026,0.0502867006236842,0.212509794796053,0,10.5466697509149
"31","ExRes 23",0,5.54667196498026,4.25746260839364,0.697703138371711,0,0,0.0668885284385965,10.5687262401842
"32","ExRes 23",0,1.64239117924091,1.26065126586201,0.206592617595779,0,0,0.0198059538753247,3.12944101657403
"33","ExRes 24",0,0.892163109711111,2.44472964001982,0.353502923441667,0.00707738749518519,0.0358905431211111,0.056483646237037,3.78984725002593
"34","ExRes 24",0,0.23755822447929,0.650963513614744,0.0941279973661243,0.00188451146321499,0.00955665349378698,0.0150400241459566,1.00913092456312
"35","ExRes 25",0,0.739054357510095,1.89067745668711,0.264497436779394,0.00226947104952494,0.0345265319811164,0,2.93102525400725
"36","ExRes 25",0,1.7095707940206,4.37349016079821,0.611831982879808,0.00524971050467033,0.0798663184837912,0,6.78000896668709
"37","ExRes 26",0,1.32102460454467,2.1983533397929,0.0935743032639706,0.00140506957625,0,0,3.61435731717779
"38","ExRes 26",0,5.61435456931484,9.34300169411984,0.397690788871875,0.0059715456990625,0,0,15.3610185980056
"39","ExRes 27",0,1.11094738375286,2.66757657173244,0.607161509728053,0.0364674546507634,0.0739728751351145,0,4.49612579499924
"40","ExRes 27",0,0.262223616705631,0.629644199814324,0.143311995989865,0.00860763344009009,0.0174602642210811,0,1.06124771017099
"41","ExRes 28",0,0.535673777249298,1.41787855857065,0.268106149801264,0.0375737706907303,0.0544407114758427,0,2.31367296778778
"42","ExRes 28",0,0.148984269297461,0.394347474102461,0.0745670229134766,0.0104502049733594,0.0151413228792187,0,0.643490294165977
"43","ExRes 29",0,1.07803042423426,1.72569151060222,0.589171539069444,0.0283095499807407,0.0358905431211111,0,3.45709356700778
"44","ExRes 29",0,0.283140286520671,0.453245824769066,0.154743497615516,0.00743538764085603,0.00942650451624514,0,0.907991501062354
"45","ExRes 3",0.119220140581081,1.28329594912968,2.42170846082432,0.496079986118763,0.0417139159019751,0.0805858348665281,0.0634119936964657,4.50601628111882
"46","ExRes 3",0.309972365510811,3.33656946773716,6.29644199814324,1.28980796390878,0.108456181345135,0.209523170652973,0.164871183610811,11.7156423309089
"47","ExRes 30",0.00504796545946303,1.16625195239525,1.81152035774045,0.308070329407791,0.00336425109806338,0.00853032274885563,0,3.30278517884987
"48","ExRes 30",0.00340123888609134,0.785802027236655,1.22057362182275,0.207572890988879,0.00226677891304864,0.00574759587348754,0,2.22536415372091
"49","ExRes 31",0,3.32772068996524,2.69927682808102,0.340270193687166,0,0,0,6.36726771173342
"50","ExRes 31",0,1.00530495803473,0.815451965833845,0.102795680483845,0,0,0,1.92355260435242
"51","ExRes 32",0.087952281625,2.40145131525,6.43164167295,0.878335484625,0.01758491985,0.1783517787,0.140342802,10.135660255
"52","ExRes 32",0.0223305637147586,0.609714274744159,1.63295575185491,0.223004180675818,0.00446470706471963,0.0452824609471963,0.0356322067383178,2.57338414573988
"53","ExRes 33",0.00962162543951342,0.429428342446938,0.651477499807886,0.133453284856334,0.00320619903305369,0,0.0383823435,1.26556929508372
"54","ExRes 33",0.0224881912233333,1.003683498425,1.52266897994314,0.311914344213235,0.00749370440666667,0,0.0897093204941177,2.95795803870549
"55","ExRes 34",0.0248031520845588,0.34729532817474,0.571000867478677,0.0825655617035035,0,0.00838273931029412,0,1.03404764875177
"56","ExRes 34",0.298671289684896,4.18201457677083,6.87580211255573,0.994226972179688,0,0.100942152528125,0,12.4516571037193
"57","ExRes 35",0.216850415367857,2.74115241166492,6.19943798976849,1.73780848918803,0.0160579380142857,0.28501313655,0,11.1963203805536
"58","ExRes 35",0.0370232416481707,0.468001631259864,1.0584406323995,0.296699010349175,0.00274159917317073,0.0486607794109756,0,1.91156689424085
"59","ExRes 36",0.0247176239739224,2.16311098798491,3.51460878775668,0.685673773917026,0.0329464590293104,0.0417691665633621,0,6.46282679922522
"60","ExRes 36",0.00461714071010467,0.404059379398148,0.656513074685628,0.128080769362923,0.0061542499958132,0.00780229198285024,0,1.20722690613547
"61","ExRes 37",0,0.935166359233625,1.61186591742136,0.176099242304889,0,0.0983347906547048,0.0140688048745387,2.83553511448911
"62","ExRes 37",0,3.20797573863687,5.52931219773655,0.604087274235759,0,0.337325674271202,0.0482613433037975,9.72696222818418
"63","ExRes 38",0,0.22010603035636,0.425746260839364,0.046513542558114,0,0,0,0.692365833753838
"64","ExRes 38",0,0.865244395193965,1.67362323226509,0.182846339711207,0,0,0,2.72171396717026
"65","ExRes 39",0.0123057698754292,4.80303476714109,5.24928694480397,0.409638580812232,0.00410063223969957,0,0,10.4783666948724
"66","ExRes 39",0.00602362264910714,2.35106533769722,2.56950390365404,0.20051636413708,0.00200724225178571,0,0,5.12911647038923
"67","ExRes 4",0,2.29413371068571,5.17707453180667,0.606005011614286,0.0181989964161905,0.0922899680257143,0.0726218308761905,8.26032404942476
"68","ExRes 4",0,0.455357352782609,1.02758568211664,0.120284548619093,0.00361227717145558,0.0183184246553875,0.014414541100189,1.63957282644537
"69","ExRes 40",0.0477874063495833,4.34929515984167,6.30955958563938,0.927945174034375,0.00796206093208333,0.0807537220225,0.0635441020166667,11.7868472108363
"70","ExRes 40",0.0135567110211584,1.23384259853664,1.78994598174167,0.263246857882092,0.00225874068995272,0.0229088573113475,0.018026695607565,3.34378644279042
"71","ExRes 41",0,0.842061933725981,1.10336838803728,0.021525888436908,0.00258578433518268,0,0,1.96954199453535
"72","ExRes 41",0,5.27359126291102,6.91007829457246,0.13481043690572,0.0161940222347458,0,0,12.3346740166239
"73","ExRes 42",0.0769730035161074,2.76181365338423,4.5603424986552,1.28115153462081,0.0256495922644295,0.19510966394698,0.153529374,9.05456932038775
"74","ExRes 42",0.0188324754087028,0.67571467053243,1.11574882151006,0.313450868076355,0.00627551600558292,0.0477361903581281,0.0375630159704434,2.2153215578617
"75","ExRes 43",0.0573448876195,2.40884039622,6.01834914322525,0.3181526310975,0,0,0.07625292242,8.87893998058225
"76","ExRes 43",0.0134297160701405,0.564131240332553,1.40944944806212,0.0745088129033958,0,0,0.017857827264637,2.07937704463285
"77","ExRes 44",0.170669308391369,3.52484085756399,5.77798496853423,0.946882830647322,0.0454974910404762,0.173043690048214,0,10.6389191462256
"78","ExRes 44",0.0660655387321429,1.36445452550864,2.23663934265841,0.366535289282834,0.0176119320156682,0.066984654212212,0,4.11829128240991
"79","ExRes 45",0.0298671289684896,1.93418174175651,2.173966844411,0.165704495363281,0.0199051523302083,0.113559921594141,0.059572595640625,4.49675788006426
"80","ExRes 45",0.105219977283486,6.81399806270183,7.65874558031032,0.583766295591743,0.070124573346789,0.400064310937156,0.209870428678899,15.8417892288502
"81","ExRes 5",0.22179808854237,1.93396117136744,2.5666930695666,1.02918572647574,0.451519404756118,0.129478541639451,0.160871144345992,6.4935071466937
"82","ExRes 5",0.885946297492275,7.72497973506882,10.2523526542801,4.11096096361938,1.80354099315506,0.517186759020506,0.642580806910112,25.9375482095462
"83","ExRes 6",0.12649607563125,3.98521389080515,7.99401214470147,0.467871516319853,0.0421520872875,0.0712532841375,0.112136650617647,12.7991356495004
"84","ExRes 6",0.0135460364455512,0.426763062322441,0.856051694235748,0.0501027765507874,0.00451392430795276,0.00763027294700787,0.0120083342393701,1.37061610104886
"85","ExRes 7",0.0199114193123264,2.5092087460625,2.42675368678438,0.331408990726563,0.0132701015534722,0.0336473841760417,0,5.33420032861528
"86","ExRes 7",0.00374313887855744,0.471705038424282,0.456204348429439,0.0623014290660901,0.00249464050091384,0.00632535681638381,0,1.00277395211567
"87","ExRes 8",0.0248031520845588,0.616449207510164,1.41070802553555,0.357784100715182,0.00495906909264706,0.0419136965514706,0.0395776413944637,2.49619489288404
"88","ExRes 8",0.0774930913777027,1.92598725373446,4.40750939870027,1.11783356872095,0.0154937401921622,0.130951981658108,0.123653387708108,7.79892242209176
"89","ExRes 9",0.00668355333560606,0.210562971697552,0.678812220079545,0.0741614524702797,0.00668144973321678,0,0.017774573990676,0.994676221306876
"90","ExRes 9",0.0253738440794248,0.799393936798673,2.57708356118695,0.281551000971239,0.0253658578367257,0,0.0674804623185841,3.77624866319159
