"","Sample_ID","n.bacterivore_biomass","n.fungivore_biomass","n.herbivore_biomass","n.omnivore_biomass","n.predator_biomass","total_microfauna_biomass"
"1","ExRes 1",0.00125258808389469,0.00629470826889405,6.074767731402e-06,0.00136271136544849,0.0036235727018231,0.0125335804200603
"2","ExRes 10",0.000343666673304439,0.00172704936124448,1.66670531533143e-06,0.000373880677661952,0.000994182518518214,0.00343877923072908
"3","ExRes 11",0.00375284007248448,0.0188593790247897,1.82004220434192e-05,0.00408277700006851,0.0108564731022189,0.0375514691995616
"4","ExRes 12",0.000295331618607428,0.0014841482252759,1.4322912774332e-06,0.000321296169448851,0.000854355557849201,0.00295513157118138
"5","ExRes 13",0.000228425154112532,0.00114791903651579,1.10781011977119e-06,0.000248507516290279,0.000660803949434262,0.00228565565635286
"6","ExRes 14",0.00215781014268727,0.0108437765954502,1.04648891314143e-05,0.00234751746701686,0.00624226114657497,0.0215913653517293
"7","ExRes 15",0.00102484479591384,0.00515021585636786,4.97026450751073e-06,0.00111494566263967,0.00296474130149163,0.010254747616413
"8","ExRes 16",0.00148954955257953,0.0074855253743082,7.22397703816506e-06,0.00162050568003766,0.00430907108740609,0.0149046516943315
"9","ExRes 17",0.00199647854323401,0.0100330269434539,9.68246751411228e-06,0.00217200214238008,0.00577555003281236,0.0199770576618803
"10","ExRes 18",0.000387935600713147,0.00194951673659122,1.88139955934022e-06,0.000422041578513322,0.00112224670734429,0.00388174062316198
"11","ExRes 19",0.00208074549473415,0.0104564988598984,1.00911430910066e-05,0.00226367755748054,0.00601932324848301,0.0208202451605961
"12","ExRes 2",0.00404825313941474,0.0203439365573533,1.96331083267204e-05,0.00440416177849956,0.0117110642793615,0.0405074157546291
"13","ExRes 20",0.0025156400485885,0.0126420013243096,1.2200282908226e-05,0.00273680656048548,0.00727741603555333,0.0251718639689369
"14","ExRes 21",0.000310138217372299,0.00155855674063526,1.50409991871373e-06,0.000337404513987615,0.000897189102077413,0.00310328857407259
"15","ExRes 22",0.00261005794514898,0.0131164854119778,1.26581882632802e-05,0.00283952535719051,0.00755055460116728,0.0261166233154846
"16","ExRes 23",0.00348007726019864,0.0174886472159704,1.68775843510403e-05,0.00378603380958734,0.0100674061348897,0.0348221644206461
"17","ExRes 24",0.000791197052318665,0.00397605141833173,3.8371260148519e-06,0.000860756404572848,0.00228882908707749,0.00791683396230073
"18","ExRes 25",0.00142527255500105,0.00716251020806226,6.91224819786901e-06,0.00155057766757825,0.00412312618119532,0.0142614866118369
"19","ExRes 26",0.000286102505525946,0.00143776859323603,1.38753217501341e-06,0.000311255664153575,0.000827656946666414,0.00286278370958196
"20","ExRes 27",0.00500861383719722,0.0251700964922745,2.42906396032882e-05,0.00544895412055113,0.0144892615599616,0.0501169260099845
"21","ExRes 28",0.000771512374451989,0.00387712879074884,3.74165979778898e-06,0.000839341116818628,0.00223188390112291,0.00771986618314237
"22","ExRes 29",0.00107376742814676,0.00539606978202163,5.2075281630133e-06,0.00116816940620601,0.00310626804674802,0.0107442746631224
"23","ExRes 3",0.00915528017683026,0.0460085949835529,4.44010296004292e-05,0.00996018125291439,0.0264850222933252,0.0916090787066227
"24","ExRes 30",0.00030893697779797,0.00155252007720322,1.49827417959195e-06,0.000336097665517944,0.000893714073865142,0.00309126879438428
"25","ExRes 31",0.00101997328173243,0.0051257347352443,4.94663877010129e-06,0.00110964586151007,0.00295064865121716,0.010206002529704
"26","ExRes 32",0.000842510445720577,0.00423391978376253,4.0859843190579e-06,0.000916581096893962,0.0024372719901833,0.00843028331656038
"27","ExRes 33",0.000329111378905663,0.00165390374123883,1.59611544315268e-06,0.000358045731313916,0.000952075964792737,0.00329313681625114
"28","ExRes 34",0.00158945836403303,0.00798760329575571,7.70851208340784e-06,0.00172919813418653,0.00459809414814674,0.015904353942122
"29","ExRes 35",0.00429554462078171,0.0215866657135717,2.08324158489409e-05,0.00467319428533098,0.0124264460339831,0.0429818506536675
"30","ExRes 36",0.000789248291106057,0.00396625818823732,3.82767496555424e-06,0.000858636314906413,0.0022831915770108,0.00789733437126058
"31","ExRes 37",0.000869172168686418,0.00436790458704616,4.21528762029391e-06,0.000945586827808328,0.00251440085063214,0.00869706443417305
"32","ExRes 38",0.00013154138185101,0.000661043031372886,6.37945827592373e-07,0.000143106052484402,0.000380531929501799,0.0013162223952101
"33","ExRes 39",0.000884093579307644,0.00444289007351905,4.28765307300282e-06,0.000961820078071132,0.00255756653047132,0.00884637026136915
"34","ExRes 4",0.000726609537843672,0.00365147579234546,3.5238912381293e-06,0.000790490575628126,0.00210198589629565,0.00727056180211292
"35","ExRes 40",0.00413259174648588,0.0207677685689648,2.00421314168604e-05,0.00449591514888497,0.0119550447851815,0.0413513202495172
"36","ExRes 41",0.00142243053594821,0.00714822803416782,6.89846505091414e-06,0.00154748578788218,0.00411490459359573,0.0142330489515939
"37","ExRes 42",0.00404511819893507,0.0203281823473192,1.96179045773708e-05,0.00440075122472168,0.0117019953085721,0.0404760470795481
"38","ExRes 43",0.00122070402357737,0.00613447933114038,5.92013728005722e-06,0.00132802416705525,0.0035313363057767,0.0122145438275497
"39","ExRes 44",0.00563122391828846,0.0282989373906774,2.73101570955021e-05,0.00612630196111798,0.0162903906962913,0.0563468539663751
"40","ExRes 45",0.00482962027676826,0.0242705890968283,2.34225614864649e-05,0.00525422405543649,0.0139714567143688,0.0483258901434019
"41","ExRes 5",0.0147015969131685,0.0738808430681584,7.12994061467566e-05,0.0159941112815994,0.0425297876713977,0.147106338934324
"42","ExRes 6",0.00325371476872644,0.0163510938054293,1.57797776766231e-05,0.00353977029821712,0.00941256919738274,0.0325571480697556
"43","ExRes 7",0.000953675018419819,0.00479256197745342,4.62510725004471e-06,0.00103751888051192,0.00275885648888805,0.0095426123652732
"44","ExRes 8",0.004412680085229,0.0221753137983791,2.14004962488555e-05,0.00480062790117946,0.0127653035377739,0.0441539253225614
"45","ExRes 9",0.00182295401751045,0.00916100342592867,8.84091297353678e-06,0.00198322193089003,0.0052735663858391,0.0182407457601683
