"","Label","X.Msgs","Obs.","Port.","X.Raw","IV.Date","Lin_Flux","Lin_FluxCV","Exp_Flux","Exp_FluxCV","Sampling_Time"
"1","Dummy",0,1,1,93,"9/17/21 21:20",0,45.2,0,4.9,"W0"
"2","ExRes 1",0,2,2,93,"9/17/21 21:22",0.1,3.5,0.15,2.4,"W0"
"3","ExRes 2",0,3,3,91,"9/17/21 21:25",-0.02,5.1,-0.02,5.1,"W0"
"4","ExRes 3",0,4,4,93,"9/17/21 21:27",0.14,3.3,0.2,2.4,"W0"
"5","ExRes 4",0,5,5,92,"9/17/21 21:29",0.12,3.2,0.17,2.3,"W0"
"6","ExRes 5",0,6,6,91,"9/17/21 21:32",0.22,3.3,0.31,2.3,"W0"
"7","ExRes 6",0,7,7,93,"9/17/21 21:34",0.03,3.1,0.03,2.9,"W0"
"8","ExRes 7",0,8,8,92,"9/17/21 21:36",0.04,3.1,0.06,2.4,"W0"
"9","ExRes 8",0,9,9,91,"9/17/21 21:39",0.13,3.7,0.2,2.3,"W0"
"10","ExRes 9",0,10,10,92,"9/17/21 21:41",0.09,3.5,0.14,2.3,"W0"
"11","ExRes 10",0,11,11,92,"9/17/21 21:43",0.04,3.2,0.05,2.4,"W0"
"12","ExRes 11",0,12,12,92,"9/17/21 21:45",0.14,3.4,0.2,2.4,"W0"
"13","ExRes 12",0,13,13,93,"9/17/21 21:48",0.09,3.4,0.13,2.3,"W0"
"14","ExRes 13",0,14,14,92,"9/17/21 21:50",0.07,2.7,0.08,2.2,"W0"
"15","ExRes 14",0,15,15,92,"9/17/21 21:52",0.06,2.6,0.07,2.1,"W0"
"16","ExRes 15",0,16,16,93,"9/17/21 21:55",0.12,3.9,0.18,2.5,"W0"
"17","Dummy",0,1,1,94,"9/17/21 23:27",0,9.9,0,2,"W0"
"18","ExRes 16",0,2,2,93,"9/17/21 23:29",0.07,3.2,0.11,2.2,"W0"
"19","ExRes 17",0,3,3,93,"9/17/21 23:31",0.15,3.7,0.24,2.3,"W0"
"20","ExRes 18",0,4,4,93,"9/17/21 23:34",0.1,3.4,0.15,2.3,"W0"
"21","ExRes 19",0,5,5,94,"9/17/21 23:36",0.12,3.3,0.17,2.3,"W0"
"22","ExRes 20",0,6,6,90,"9/17/21 23:38",0.15,3,0.2,2.2,"W0"
"23","ExRes 21",0,7,7,91,"9/17/21 23:41",0.1,3.1,0.16,2.1,"W0"
"24","ExRes 22",0,8,8,92,"9/17/21 23:43",0.08,3,0.11,2.3,"W0"
"25","ExRes 23",0,9,9,92,"9/17/21 23:45",0.06,3.3,0.08,2.4,"W0"
"26","ExRes 24",0,10,10,93,"9/17/21 23:47",0.04,3.1,0.06,2.3,"W0"
"27","ExRes 25",0,11,11,92,"9/17/21 23:50",0.04,3.1,0.05,2.3,"W0"
"28","ExRes 26",0,12,12,94,"9/17/21 23:52",0.2,3.6,0.31,2.4,"W0"
"29","ExRes 27",0,13,13,92,"9/17/21 23:54",0.15,3.6,0.22,2.4,"W0"
"30","ExRes 28",0,14,14,94,"9/17/21 23:57",0.05,1.5,0.05,1.5,"W0"
"31","ExRes 29",0,15,15,92,"9/17/21 23:59",0.06,2.7,0.08,2.3,"W0"
"32","ExRes 30",0,16,16,93,"9/18/21 0:01",0.13,4.6,0.29,2.1,"W0"
"33","Dummy",0,1,1,94,"9/18/21 0:46",0,11.5,0,6.3,"W0"
"34","ExRes 31",0,2,2,91,"9/18/21 0:48",0.09,3,0.12,2.3,"W0"
"35","ExRes 32",0,3,3,93,"9/18/21 0:51",0.08,2.9,0.11,2.3,"W0"
"36","ExRes 33",0,4,4,93,"9/18/21 0:53",0.11,3.2,0.17,2.1,"W0"
"37","ExRes 34",0,5,5,93,"9/18/21 0:55",0.07,2.6,0.08,2.3,"W0"
"38","ExRes 35",0,6,6,93,"9/18/21 0:58",0.09,3.2,0.12,2.3,"W0"
"39","ExRes 36",0,7,7,91,"9/18/21 1:00",0.15,3.3,0.21,2.3,"W0"
"40","ExRes 37",0,8,8,93,"9/18/21 1:02",0.11,3.3,0.16,2.3,"W0"
"41","ExRes 38",0,9,9,93,"9/18/21 1:04",0.07,3.4,0.1,2.4,"W0"
"42","ExRes 39",0,10,10,93,"9/18/21 1:07",0.1,3.4,0.15,2.3,"W0"
"43","ExRes 40",0,11,11,93,"9/18/21 1:09",0.05,2.6,0.06,2.4,"W0"
"44","ExRes 41",0,12,12,92,"9/18/21 1:11",0.11,3.6,0.15,2.5,"W0"
"45","ExRes 42",0,13,13,94,"9/18/21 1:14",0.07,3.6,0.1,2.6,"W0"
"46","ExRes 43",0,14,14,94,"9/18/21 1:16",0.05,2.8,0.07,2.3,"W0"
"47","ExRes 44",0,15,15,93,"9/18/21 1:18",0.06,2.6,0.08,2,"W0"
"48","ExRes 45",0,16,16,92,"9/18/21 1:21",0.13,3.7,0.2,2.4,"W0"
"49","Dummy",0,1,1,94,"9/28/21 17:47",0,682.2,0,22.5,"W1"
"50","ExRes 37",0,2,2,92,"9/28/21 17:49",0.06,3.3,0.08,2.3,"W1"
"51","ExRes 24",0,3,3,91,"9/28/21 17:52",0,14.5,0,14,"W1"
"52","ExRes 17",0,4,4,92,"9/28/21 17:54",0.05,3.9,0.08,2.6,"W1"
"53","ExRes 29",0,5,5,91,"9/28/21 17:56",1.75,1.6,1.75,1.6,"W1"
"54","ExRes 13",0,6,6,92,"9/28/21 17:59",1.02,2.8,1.34,2.2,"W1"
"55","ExRes 43",0,7,7,92,"9/28/21 18:01",-0.03,26.4,-0.03,26.4,"W1"
"56","ExRes 3",0,8,8,92,"9/28/21 18:03",0.06,3.8,0.06,3.8,"W1"
"57","ExRes 25",0,9,9,92,"9/28/21 18:05",-0.02,25.2,-0.02,25.2,"W1"
"58","ExRes 21",0,10,10,92,"9/28/21 18:08",0.12,3.9,0.18,2.4,"W1"
"59","ExRes 33",1,11,11,91,"9/28/21 18:10",-0.08,4.3,0,0,"W1"
"60","Dummy",0,1,1,93,"9/28/21 20:19",0,12.3,0,6,"W1"
"61","ExRes 1",0,2,2,92,"9/28/21 20:22",0.01,50.1,0.13,3.2,"W1"
"62","ExRes 14",0,3,3,92,"9/28/21 20:24",0,56.3,0,56.3,"W1"
"63","ExRes 4",0,4,4,93,"9/28/21 20:26",0.05,3,0.07,2.3,"W1"
"64","ExRes 15",0,5,5,92,"9/28/21 20:29",0.05,3.6,0.07,2.4,"W1"
"65","ExRes 12",0,6,6,93,"9/28/21 20:31",0.11,2.6,0.13,2.2,"W1"
"66","ExRes 2",0,7,7,94,"9/28/21 20:33",0.06,2.9,0.08,2.3,"W1"
"67","ExRes 34",0,8,8,93,"9/28/21 20:36",0.04,3.3,0.06,2.4,"W1"
"68","ExRes 30",0,9,9,94,"9/28/21 20:38",0.08,3.1,0.12,2.2,"W1"
"69","ExRes 6",0,10,10,95,"9/28/21 20:40",0.05,3.7,0.07,2.4,"W1"
"70","ExRes 40",0,11,11,93,"9/28/21 20:42",0.04,3,0.05,2.6,"W1"
"71","Dummy",0,1,1,94,"9/28/21 21:38",0,14.1,0,10.6,"W1"
"72","ExRes 36",0,2,2,92,"9/28/21 21:40",0.32,3.1,0.49,2,"W1"
"73","ExRes 19",0,3,3,92,"9/28/21 21:43",0.14,3.1,0.21,2.1,"W1"
"74","ExRes 18",0,4,4,93,"9/28/21 21:45",0.05,3,0.07,2.4,"W1"
"75","ExRes 31",0,5,5,92,"9/28/21 21:47",0.2,6.1,0.2,6.1,"W1"
"76","ExRes 7",0,6,6,92,"9/28/21 21:50",0.48,3.1,0.82,1.8,"W1"
"77","ExRes 16",0,7,7,92,"9/28/21 21:52",-0.05,29.4,-0.05,29.4,"W1"
"78","ExRes 5",0,8,8,93,"9/28/21 21:54",0.23,3.1,0.31,2.3,"W1"
"79","ExRes 20",0,9,9,91,"9/28/21 21:57",0.15,9,0.35,3.9,"W1"
"80","ExRes 11",0,10,10,91,"9/28/21 21:59",0.36,3.4,0.53,2.3,"W1"
"81","ExRes 8",0,11,11,93,"9/28/21 22:01",-1.07,5,-1.07,5,"W1"
"82","Dummy",0,1,1,94,"9/29/21 1:29",0,3.9,0,3.9,"W1"
"83","ExRes 38",0,2,2,92,"9/29/21 1:31",0.13,2.1,0.13,2.1,"W1"
"84","ExRes 28",0,3,3,91,"9/29/21 1:33",-0.02,3,-0.02,3,"W1"
"85","ExRes 26",0,4,4,91,"9/29/21 1:36",0.34,4,0.38,3.7,"W1"
"86","ExRes 10",0,5,5,92,"9/29/21 1:38",0.61,2,0.61,2,"W1"
"87","ExRes 32",0,6,6,91,"9/29/21 1:40",0.1,4.2,0.1,6.5,"W1"
"88","ExRes 27",0,7,7,91,"9/29/21 1:43",0.42,5.7,1.28,2,"W1"
"89","ExRes 9",0,8,8,92,"9/29/21 1:45",0,2727.2,0,2727.2,"W1"
"90","ExRes 41",0,9,9,92,"9/29/21 1:47",0.23,4.3,0.38,2.6,"W1"
"91","ExRes 35",0,10,10,93,"9/29/21 1:50",0.07,4.1,0.05,14.6,"W1"
"92","ExRes 42",0,11,11,92,"9/29/21 1:52",-0.06,4.4,-0.06,4.4,"W1"
"93","Dummy",0,1,1,92,"10/5/21 15:50",0,95.4,0,77.4,"W2"
"94","ExRes 37",0,2,2,93,"10/5/21 15:52",0,28.5,0,19.4,"W2"
"95","ExRes 24",0,3,3,92,"10/5/21 15:55",0,2348.3,0,2348.3,"W2"
"96","ExRes 17",0,4,4,92,"10/5/21 15:57",0,241.2,0,241.2,"W2"
"97","ExRes 29",0,5,5,92,"10/5/21 15:59",0,9.4,0,7.3,"W2"
"98","ExRes 13",0,6,6,91,"10/5/21 16:02",0,6.2,0.01,4.2,"W2"
"99","ExRes 43",0,7,7,93,"10/5/21 16:04",0,6.2,0.01,5.1,"W2"
"100","ExRes 3",0,8,8,91,"10/5/21 16:06",0.01,5.9,0.01,4.9,"W2"
"101","ExRes 25",0,9,9,93,"10/5/21 16:09",0.01,5.6,0.01,4.5,"W2"
"102","ExRes 21",0,10,10,90,"10/5/21 16:11",0.05,25.8,0.05,25.8,"W2"
"103","ExRes 33",0,11,11,93,"10/5/21 16:13",0.02,6.7,0.07,1.8,"W2"
"104","Dummy",0,1,1,94,"10/5/21 17:01",0,6.3,0,4.6,"W2"
"105","ExRes 1",0,2,2,92,"10/5/21 17:04",0.06,3.3,0.09,2.3,"W2"
"106","ExRes 14",0,3,3,93,"10/5/21 17:06",0.01,3.9,0.01,3.1,"W2"
"107","ExRes 4",0,4,4,93,"10/5/21 17:08",0.06,3.3,0.08,2.4,"W2"
"108","ExRes 15",0,5,5,92,"10/5/21 17:11",0.05,3.4,0.07,2.4,"W2"
"109","ExRes 12",0,6,6,91,"10/5/21 17:13",0.54,2.4,0.75,1.8,"W2"
"110","ExRes 2",1,7,7,91,"10/5/21 17:15",-0.22,6,0,0,"W2"
"111","ExRes 34",0,8,8,92,"10/5/21 17:18",-0.02,29.1,-0.02,29.1,"W2"
"112","ExRes 30",0,9,9,92,"10/5/21 17:20",0.16,3.2,0.23,2.3,"W2"
"113","ExRes 6",0,10,10,92,"10/5/21 17:22",0.05,4.6,0.17,1.3,"W2"
"114","ExRes 40",0,11,11,92,"10/5/21 17:24",-0.02,14.8,-0.02,14.8,"W2"
"115","Dummy",1,1,1,91,"10/5/21 18:47",0,6.5,0,0,"W2"
"116","ExRes 36",0,2,2,92,"10/5/21 18:50",-0.01,7.6,-0.01,7.6,"W2"
"117","ExRes 19",0,3,3,93,"10/5/21 18:52",-0.01,6.9,0,55.7,"W2"
"118","ExRes 18",1,4,4,91,"10/5/21 18:54",0,16,0,0,"W2"
"119","ExRes 31",0,5,5,93,"10/5/21 18:56",0,14.4,-0.01,3.7,"W2"
"120","ExRes 7",0,6,6,92,"10/5/21 18:59",0,12.2,0,12.2,"W2"
"121","ExRes 16",0,7,7,93,"10/5/21 19:01",0,7.3,0,7.1,"W2"
"122","ExRes 5",1,8,8,91,"10/5/21 19:03",-0.01,9.3,0,0,"W2"
"123","ExRes 20",0,9,9,92,"10/5/21 19:06",-0.01,7.9,-0.01,7.9,"W2"
"124","ExRes 11",0,10,10,92,"10/5/21 19:08",0,8.5,0,6.6,"W2"
"125","ExRes 8",0,11,11,92,"10/5/21 19:10",0,36.8,0,36.8,"W2"
"126","Dummy",0,1,1,92,"10/5/21 20:03",0,8.1,0,8,"W2"
"127","ExRes 38",0,2,2,92,"10/5/21 20:05",-0.01,8.6,-0.01,8.6,"W2"
"128","ExRes 28",0,3,3,93,"10/5/21 20:07",0,10.5,0,10.5,"W2"
"129","ExRes 26",0,4,4,93,"10/5/21 20:10",0,12.6,0,12.4,"W2"
"130","ExRes 10",1,5,5,91,"10/5/21 20:12",0,9.3,0,0,"W2"
"131","ExRes 32",0,6,6,92,"10/5/21 20:14",-0.09,9.5,-0.09,9.5,"W2"
"132","ExRes 27",0,7,7,92,"10/5/21 20:17",0.26,2.8,0.28,2.6,"W2"
"133","ExRes 9",0,8,8,92,"10/5/21 20:19",-0.01,7.8,-0.01,7.8,"W2"
"134","ExRes 41",0,9,9,93,"10/5/21 20:21",-0.01,6.9,-0.01,6.9,"W2"
"135","ExRes 35",0,10,10,93,"10/5/21 20:24",-0.02,3.9,-0.02,3.9,"W2"
"136","ExRes 42",0,11,11,93,"10/5/21 20:26",-0.02,6.6,-0.02,6.6,"W2"
"137","Dummy",0,1,1,93,"10/11/21 17:21",0,25.6,0,8.3,"W3"
"138","ExRes 37",0,2,2,92,"10/11/21 17:24",0.04,3.3,0.06,2.3,"W3"
"139","ExRes 24",0,3,3,92,"10/11/21 17:26",-0.17,4.6,-0.17,4.6,"W3"
"140","ExRes 17",0,4,4,92,"10/11/21 17:28",0.06,3.3,0.08,2.3,"W3"
"141","ExRes 29",0,5,5,91,"10/11/21 17:31",0.62,2.8,0.82,2.2,"W3"
"142","ExRes 13",0,6,6,92,"10/11/21 17:33",0.04,5.7,0.07,2.4,"W3"
"143","ExRes 43",0,7,7,91,"10/11/21 17:35",-0.01,77.8,-0.01,77.8,"W3"
"144","ExRes 3",0,8,8,92,"10/11/21 17:37",0.03,19.5,0.29,2.3,"W3"
"145","ExRes 25",0,9,9,92,"10/11/21 17:40",-0.03,8.9,-0.03,8.9,"W3"
"146","ExRes 21",0,10,10,92,"10/11/21 17:42",-0.01,16.1,-0.01,16.1,"W3"
"147","ExRes 33",0,11,11,93,"10/11/21 17:44",-0.01,6.8,-0.04,2.7,"W3"
"148","Dummy",0,1,1,92,"10/11/21 18:23",0,10.4,0,10.4,"W3"
"149","ExRes 1",1,2,2,91,"10/11/21 18:25",0,15.2,0,0,"W3"
"150","ExRes 14",0,3,3,93,"10/11/21 18:28",0,16.5,0,16.5,"W3"
"151","ExRes 4",1,4,4,91,"10/11/21 18:30",0,10,0,0,"W3"
"152","ExRes 15",0,5,5,92,"10/11/21 18:32",0,12.4,0,12.4,"W3"
"153","ExRes 12",0,6,6,92,"10/11/21 18:34",0,10.7,0,10.7,"W3"
"154","ExRes 2",0,7,7,93,"10/11/21 18:37",0,8,0,8,"W3"
"155","ExRes 34",0,8,8,92,"10/11/21 18:39",0,10,0,10,"W3"
"156","ExRes 30",0,9,9,92,"10/11/21 18:41",0,22,0,17.7,"W3"
"157","ExRes 6",0,10,10,93,"10/11/21 18:44",0,28.2,0,28.2,"W3"
"158","ExRes 40",0,11,11,92,"10/11/21 18:46",-0.01,8.8,-0.01,8.9,"W3"
"159","Dummy",0,1,1,92,"10/11/21 19:33",0,7.2,0,6.7,"W3"
"160","ExRes 36",0,2,2,93,"10/11/21 19:35",0.01,6.1,0.02,3.8,"W3"
"161","ExRes 19",0,3,3,92,"10/11/21 19:38",0.01,5.7,0.01,4.6,"W3"
"162","ExRes 18",0,4,4,92,"10/11/21 19:40",0,23.8,0,18.9,"W3"
"163","ExRes 31",0,5,5,91,"10/11/21 19:42",0.09,34.3,0.03,126.2,"W3"
"164","ExRes 7",0,6,6,92,"10/11/21 19:45",-0.02,5.4,-0.02,5.4,"W3"
"165","ExRes 16",0,7,7,91,"10/11/21 19:47",-0.01,62.7,-0.01,62.7,"W3"
"166","ExRes 5",0,8,8,92,"10/11/21 19:49",0.34,5.9,0.99,2.1,"W3"
"167","ExRes 20",0,9,9,92,"10/11/21 19:52",0.15,3.1,0.25,1.8,"W3"
"168","ExRes 11",0,10,10,92,"10/11/21 19:54",0.15,3.3,0.22,2.3,"W3"
"169","ExRes 8",0,11,11,92,"10/11/21 19:56",-0.06,21.5,-0.06,21.5,"W3"
"170","Dummy",0,1,1,92,"10/11/21 20:33",0,6.2,0,6.2,"W3"
"171","ExRes 38",1,2,2,91,"10/11/21 20:35",-0.01,6,0,0,"W3"
"172","ExRes 28",0,3,3,92,"10/11/21 20:37",-0.01,7.5,-0.01,7.5,"W3"
"173","ExRes 26",1,4,4,91,"10/11/21 20:39",-0.01,5.5,0,0,"W3"
"174","ExRes 10",0,5,5,93,"10/11/21 20:42",-0.01,6.2,-0.01,6.2,"W3"
"175","ExRes 32",1,6,6,91,"10/11/21 20:44",-0.01,7.6,0,0,"W3"
"176","ExRes 27",0,7,7,93,"10/11/21 20:46",-0.01,8.8,-0.01,8.7,"W3"
"177","ExRes 9",1,8,8,91,"10/11/21 20:49",-0.01,7.3,0,0,"W3"
"178","ExRes 41",0,9,9,92,"10/11/21 20:51",0,30.1,0,30.1,"W3"
"179","ExRes 35",0,10,10,92,"10/11/21 20:53",-0.01,8.5,-0.01,6.6,"W3"
"180","ExRes 42",1,11,11,91,"10/11/21 20:56",-0.01,8.6,0,0,"W3"
"181","Dummy",0,1,1,91,"10/19/21 16:03",0,6.3,0,5.2,"W4"
"182","ExRes 1",0,2,2,91,"10/19/21 16:06",0,6.3,0,5.3,"W4"
"183","ExRes 14",0,3,3,92,"10/19/21 16:08",0.01,6.4,0.01,4.4,"W4"
"184","ExRes 4",0,4,4,92,"10/19/21 16:10",0.01,5.8,0.01,4.6,"W4"
"185","ExRes 15",0,5,5,93,"10/19/21 16:12",0.01,8.2,0.01,3.1,"W4"
"186","ExRes 12",0,6,6,92,"10/19/21 16:15",0,5.6,0.01,4.1,"W4"
"187","ExRes 2",0,7,7,91,"10/19/21 16:17",0,6.9,0.01,5.5,"W4"
"188","ExRes 34",0,8,8,92,"10/19/21 16:19",0.01,7.2,0.01,3.5,"W4"
"189","ExRes 30",0,9,9,92,"10/19/21 16:22",0,5.1,0.01,3.9,"W4"
"190","ExRes 6",0,10,10,93,"10/19/21 16:24",0,4.6,0.01,3.3,"W4"
"191","ExRes 40",0,11,11,92,"10/19/21 16:26",0,13.3,0.01,5.2,"W4"
"192","Dummy",0,1,1,92,"10/19/21 17:10",0,4.1,0,3.3,"W4"
"193","ExRes 38",0,2,2,93,"10/19/21 17:12",0.07,3.2,0.09,2.4,"W4"
"194","ExRes 28",0,3,3,92,"10/19/21 17:14",-0.01,6.9,-0.01,6.9,"W4"
"195","ExRes 26",0,4,4,91,"10/19/21 17:17",0.02,16.9,0.09,4.2,"W4"
"196","ExRes 10",0,5,5,92,"10/19/21 17:19",0.31,4.7,0.55,2.6,"W4"
"197","ExRes 32",0,6,6,92,"10/19/21 17:21",0.02,9.2,0.02,9.2,"W4"
"198","ExRes 27",0,7,7,91,"10/19/21 17:23",0.13,2.5,0.14,2.5,"W4"
"199","ExRes 9",0,8,8,92,"10/19/21 17:26",0,1050.9,0,1050.9,"W4"
"200","ExRes 41",0,9,9,92,"10/19/21 17:28",0.1,3.9,0.15,2.6,"W4"
"201","ExRes 35",0,10,10,91,"10/19/21 17:30",0.03,2.2,0.03,2.2,"W4"
"202","ExRes 42",0,11,11,92,"10/19/21 17:33",0.05,1.9,0.05,1.9,"W4"
"203","Dummy",0,1,1,92,"10/26/21 19:35",0,6.7,0,5.4,"W5"
"204","ExRes 1",0,2,2,91,"10/26/21 19:38",0,7.8,0,6.6,"W5"
"205","ExRes 14",0,3,3,92,"10/26/21 19:40",0.14,2,0.16,1.8,"W5"
"206","ExRes 4",0,4,4,92,"10/26/21 19:42",0.01,41.5,0.41,1.3,"W5"
"207","ExRes 15",0,5,5,91,"10/26/21 19:45",0.04,3.6,0.07,1.9,"W5"
"208","ExRes 12",0,6,6,93,"10/26/21 19:47",0,15.1,0,15.1,"W5"
"209","ExRes 2",0,7,7,94,"10/26/21 19:49",0,18.7,0.01,3.8,"W5"
"210","ExRes 34",0,8,8,92,"10/26/21 19:52",0,32.4,0,33.3,"W5"
"211","ExRes 30",0,9,9,93,"10/26/21 19:54",0.04,5.2,0.08,2.8,"W5"
"212","ExRes 6",0,10,10,91,"10/26/21 19:56",0.03,1.7,0.03,1.7,"W5"
"213","ExRes 40",0,11,11,91,"10/26/21 19:59",0.05,4.5,0.09,2.5,"W5"
"214","Dummy",0,1,1,93,"10/26/21 20:28",0,5.7,0,3.8,"W5"
"215","ExRes 38",0,2,2,92,"10/26/21 20:31",0.02,3.7,0.03,2.8,"W5"
"216","ExRes 28",0,3,3,92,"10/26/21 20:33",0.01,8.8,0.01,4.3,"W5"
"217","ExRes 26",0,4,4,92,"10/26/21 20:35",0.01,2.9,0.01,2.9,"W5"
"218","ExRes 10",0,5,5,92,"10/26/21 20:37",0.05,3.8,0.08,2.8,"W5"
"219","ExRes 32",0,6,6,92,"10/26/21 20:40",0.03,3.5,0.05,2.5,"W5"
"220","ExRes 27",0,7,7,93,"10/26/21 20:42",0.1,3.4,0.14,2.3,"W5"
"221","ExRes 9",0,8,8,93,"10/26/21 20:44",0.01,4.6,0.02,3.8,"W5"
"222","ExRes 41",0,9,9,92,"10/26/21 20:47",0.05,3.2,0.08,2.2,"W5"
"223","ExRes 35",0,10,10,93,"10/26/21 20:49",0.06,4.3,0.1,2.6,"W5"
"224","ExRes 42",0,11,11,92,"10/26/21 20:51",0.06,3.5,0.08,2.5,"W5"
"225","Dummy",0,1,1,90,"11/1/21 18:17",0,11,0,8.4,"W6"
"226","ExRes 1",0,2,2,91,"11/1/21 18:20",0,7.5,0,7.3,"W6"
"227","ExRes 14",0,3,3,91,"11/1/21 18:22",0,7,0.01,4.1,"W6"
"228","ExRes 4",0,4,4,91,"11/1/21 18:24",0,12.7,0,7.6,"W6"
"229","ExRes 15",0,5,5,92,"11/1/21 18:26",0,9,0.01,6.6,"W6"
"230","ExRes 12",0,6,6,90,"11/1/21 18:29",0,6.7,0.01,3.9,"W6"
"231","ExRes 2",0,7,7,91,"11/1/21 18:31",0,11.5,0,6.5,"W6"
"232","ExRes 34",0,8,8,91,"11/1/21 18:33",0,18.3,0.01,3.3,"W6"
"233","ExRes 30",0,9,9,91,"11/1/21 18:36",0,17.2,0,9.2,"W6"
"234","ExRes 6",0,10,10,91,"11/1/21 18:38",0,16.5,0,15.9,"W6"
"235","ExRes 40",0,11,11,92,"11/1/21 18:40",0.01,6.3,0.01,5.7,"W6"
"236","Dummy",0,1,1,92,"11/1/21 18:56",0,14,0,7.2,"W6"
"237","ExRes 38",0,2,2,92,"11/1/21 18:59",0,6.8,0,6.2,"W6"
"238","ExRes 28",0,3,3,91,"11/1/21 19:01",0,8.3,0.01,2.6,"W6"
"239","ExRes 26",0,4,4,92,"11/1/21 19:03",0,13.5,0,9.6,"W6"
"240","ExRes 10",0,5,5,92,"11/1/21 19:06",0,10,0,8.9,"W6"
"241","ExRes 32",0,6,6,92,"11/1/21 19:08",0,10.8,0,10.2,"W6"
"242","ExRes 27",0,7,7,92,"11/1/21 19:10",0,11.5,0.01,2.9,"W6"
"243","ExRes 9",0,8,8,92,"11/1/21 19:12",0,11.4,0.01,3.7,"W6"
"244","ExRes 41",0,9,9,91,"11/1/21 19:15",0,11.4,0,8.8,"W6"
"245","ExRes 35",0,10,10,93,"11/1/21 19:17",0,11.8,0,7.2,"W6"
"246","ExRes 42",0,11,11,92,"11/1/21 19:19",0,10.5,0.01,3.4,"W6"
